schema	inventory-v1
file	README.md	file	100644	1502	sha256:49782c92cb12d63f28139ab0be8ca93a7528be1ec3ae1a6ff4e966709fabccd2	README.md	arch/omarchy	include	approved	reviewed-reference
file	backgrounds/.config/backgrounds/arch-rainbow.png	file	100644	25143	sha256:624e310533c3fcb65a981f5a917e9bc1d7fc14c55e0b9fed09ea1f4f9249217f	backgrounds	arch/omarchy	include	media-separate	reviewed-reference
file	backgrounds/.config/backgrounds/better_shaded_landscape.jpg	file	100644	884964	sha256:ef20c68a3b92de301159be52b41c92b71a263174161011fa290ed412eead3e49	backgrounds	arch/omarchy	include	media-separate	reviewed-reference
file	backgrounds/.config/backgrounds/car-with-full-moon-background.jpg	file	100644	8920055	sha256:96967a211d4bd3577582b4256b9388aa71f1254133f960a18aff4066f58a2e3c	backgrounds	arch/omarchy	include	media-separate	reviewed-reference
file	backgrounds/.config/backgrounds/lofiwallpaper.png	file	100644	2232137	sha256:51d4c6a5f5eb7e5a0adfa816736b9aee3bd8b827a287608005f9451a12fa50cc	backgrounds	arch/omarchy	include	media-separate	reviewed-reference
file	backgrounds/.config/backgrounds/nice-blue-background.png	file	100644	7704488	sha256:3e80e56b83d441bdf6520c3b07ac794765ad4db48fe2ac9b9014bfef072eb051	backgrounds	arch/omarchy	include	media-separate	reviewed-reference
file	backgrounds/.config/backgrounds/shaded.png	file	100644	2548204	sha256:556969991638b4240c2d78526d37636c6d1affbfbe222c0d9e8eac62efba46a5	backgrounds	arch/omarchy	include	media-separate	reviewed-reference
file	backgrounds/.config/backgrounds/shaded_landscape.png	file	100644	4130779	sha256:1199a43751f1234d3fb92ecf614fbf34de2c07334d3fdd355891044f51bddada	backgrounds	arch/omarchy	include	media-separate	reviewed-reference
file	ghostty-darwin/.config/ghostty/config	file	100644	194	sha256:dba8138e1cde7fef71ff4607b17949ffefeb57ef485c32b1ad98f9e401409eb1	ghostty-darwin	macos	include	approved	clear
file	ghostty-linux/.config/ghostty/config	file	100644	809	sha256:540f7f2bb6b7832d7e7ccc7a6f54dc35178e7a247d596ed10385b25b8cb6d70a	ghostty-linux	arch/omarchy	include	approved	clear
file	hyprland/.config/hypr/hypridle.conf	file	100644	549	sha256:ef7424098e8d764431516aa1bb59a5873cafe8ece21482e4eea8b9901dda3e97	hyprland	arch/omarchy	include	approved	clear
file	hyprland/.config/hypr/hyprland.conf	file	100644	6339	sha256:7e5a9fd7d8c6e38d35adcfad682df3dc83d906b17b2abf8c62bf0beb5a36d303	hyprland	arch/omarchy	include	approved	clear
file	hyprlock/.config/hypr/hyprlock.conf	file	100644	1505	sha256:52479972db7edc769d8f5a1bfa96526448549f2e17350bd815dcf88542eb3825	hyprlock	arch/omarchy	include	approved	clear
file	hyprmocha/.config/hypr/mocha.conf	file	100644	1180	sha256:4b154dbd96637ee3c0db207dc40d041c712713d788409005541214b838922314	hyprmocha	arch/omarchy	include	approved	clear
file	hyprpaper/.config/hypr/hyprpaper.conf	file	100644	90	sha256:932a61d32a5ccac393271e77fdfec959d789a487b63de5ac38624c8c2bb94859	hyprpaper	arch/omarchy	include	approved	clear
file	install/stow.sh	executable	100755	1426	sha256:204f2fb8fbfc0c8f3d80eacd278507dca2b65265a01479b415735cd249b9a27b	install	arch/omarchy	include	approved	clear
file	mako/.config/mako/config	file	100644	136	sha256:362e0d561b6be2650382a0c6a5a72c7831d6ec0b4fe7c9061a7cb71001149e07	mako	arch/omarchy	include	approved	clear
file	nvim/.config/nvim/.gitignore	file	100644	51	sha256:f284e46933d658c493bafc852fe1bb46f54e5dbe479c251a739139517d4683ec	nvim	shared	include	approved	clear
file	nvim/.config/nvim/LICENSE	file	100644	11357	sha256:c71d239df91726fc519c6eb72d318ec65820627232b2f796219e87dcf35d0ab4	nvim	shared	include	approved	clear
file	nvim/.config/nvim/README.md	file	100644	171	sha256:9969960a98455417b5f3781772f01528a64bb450e5f9db57734713ae920bd84a	nvim	shared	include	approved	clear
file	nvim/.config/nvim/init.lua	file	100644	72	sha256:3b2d6e9976a515b7c8df08ed7c7f61a5751e9c08a6ff5579d621b87312c9e2c6	nvim	shared	include	approved	clear
file	nvim/.config/nvim/lazyvim.json	file	100644	146	sha256:e11b5459b4ab8c5dfd9f5fab67a5242ec9c475838fe777a7a9a2199b4b9e56f2	nvim	shared	include	approved	clear
file	nvim/.config/nvim/lua/config/autocmds.lua	file	100644	424	sha256:ccb2b3a99fe03698bdacaf41b98a48126c70fa38eaa1970e14e7309c876a9635	nvim	shared	include	approved	clear
file	nvim/.config/nvim/lua/config/keymaps.lua	file	100644	209	sha256:660a7d9a603a1b20b9ac13384ee21093f648646d8f4d575c52c5e5d9847f6764	nvim	shared	include	approved	clear
file	nvim/.config/nvim/lua/config/lazy.lua	file	100644	1856	sha256:14653a615b10689aa91915f45c284d07d5e7cb6c5f21fdbbf82c7664b9db4eb0	nvim	shared	include	approved	clear
file	nvim/.config/nvim/lua/config/options.lua	file	100644	282	sha256:9dd424e715a664e1eecb93b2d4a329adb2ab07ba4547fec178225bf8d438a89e	nvim	shared	include	approved	clear
file	nvim/.config/nvim/lua/custom/configs/formatter.lua	file	100644	2419	sha256:8a2b2ee242b73e179f4628b891ff95b5cbcb8eb58417f30a156ecf8d8db910d5	nvim	shared	include	approved	clear
file	nvim/.config/nvim/lua/custom/configs/lspconfig.lua	file	100644	895	sha256:11a49f6aa7183cc1671efe4c22e1cbc647140b5079aeb69332bbf4dd3d9b97cf	nvim	shared	include	approved	clear
file	nvim/.config/nvim/lua/plugins/all-themes.lua	file	100644	1005	sha256:79be1df6903f475fd915e04fabbc4a10536f6b7603bc27df3f3d11a2cd1dae15	nvim	shared	include	approved	clear
file	nvim/.config/nvim/lua/plugins/custom-plugins.lua	file	100644	1223	sha256:7fdb911db6aed148cf4d59a87f8feda5737e95d76e066bc92085e9dc4120faa2	nvim	shared	include	approved	clear
file	nvim/.config/nvim/lua/plugins/disable-news-alert.lua	file	100644	100	sha256:5e27ebfe77359f9a42a478fb01671962801fbba6846cc72c19c7313ccd8333be	nvim	shared	include	approved	clear
file	nvim/.config/nvim/lua/plugins/example.lua	file	100644	5295	sha256:63cab8b37a319da640b073b6d654b11952776eac8cb55d8a6ac00e5f171366ba	nvim	shared	include	approved	clear
file	nvim/.config/nvim/lua/plugins/omarchy-theme-hotreload.lua	file	100644	2706	sha256:10229da34e227566753a3acdea62dd896366ccd8d40c34d0d9cf0a2eb342ed8a	nvim	shared	include	approved	clear
file	nvim/.config/nvim/lua/plugins/snacks-animated-scrolling-off.lua	file	100644	117	sha256:e3dc59bf119a30f3e4a712c048902350dad188e4ebfd9a718820d3145e43d57a	nvim	shared	include	approved	clear
file	nvim/.config/nvim/lua/plugins/theme.lua	file	100644	221	sha256:33abac6d0859a8b4d86425281bb8198efadbc2f11c1c76051e5ebb4f4549e9d5	nvim	shared	include	approved	clear
file	nvim/.config/nvim/plugin/after/transparency.lua	file	100644	1161	sha256:6e31b917f13e16514ac94ff9270d47f24e76509a3e559ca85116a5aa2d61306a	nvim	shared	include	approved	clear
file	nvim/.config/nvim/stylua.toml	file	100644	58	sha256:59841fbcee7b707144c6a470e96e96e96062d7a59d2e45bac445984d863e1af2	nvim	shared	include	approved	clear
file	polybar/.config/launch_polybar.sh	symlink	120000	45	../dotfiles/polybar/.config/launch_polybar.sh	polybar	arch/omarchy	include	approved	clear
file	polybar/.config/polybar/config.ini	file	100644	5469	sha256:fb613bdba366ae2c48671b5402adc3997fe984ff6fbdd38bc2946717cfb91178	polybar	arch/omarchy	include	approved	reviewed-reference
file	polybar/.config/polybar/launch_polybar.sh	executable	100755	172	sha256:de23ff6cdabd13f3bbff79b4d3c0877680f22168141a9f2855a35aea9939697c	polybar	arch/omarchy	include	approved	clear
file	starship/.config/starship.toml	file	100644	4123	sha256:50590a7cb49640deb70e219ef3ef4453c72ac2893f76529721d445d8730ffd1d	starship	arch/omarchy	include	approved	reviewed-reference
file	tmux/.tmux.conf	file	100644	827	sha256:50ef785e344261997293c9c5829208d9e1f217fb3976edbe04368823f8b92c1e	tmux	shared	include	approved	clear
file	waybar/.config/waybar/config.jsonc	file	100644	3885	sha256:c830cf6db4a331233ee2e9ebaa31937238fc3deed8bbbd451c1bd16d06bd1ffb	waybar	arch/omarchy	include	approved	clear
file	waybar/.config/waybar/style.css	file	100644	1057	sha256:a59e25c4d95a460dfa5e9036afc00fdff139155d99c39c7b8b9528681f542aec	waybar	arch/omarchy	include	approved	clear
file	zshrc/.config/zsh/common.zsh	file	100644	2839	sha256:37c93b0d7dd2b1db04364fee375438dcb2ee6ef0d04f47ed37909169ac9e0a08	zshrc	arch/omarchy	include	approved	reviewed-reference
file	zshrc/.config/zsh/darwin.zsh	file	100644	1658	sha256:a68dd71a62f42b577e482e4dd2b0bc284ec4f097d56e19ff20c27f6e69ff7db9	zshrc	macos	include	approved	reviewed-reference
file	zshrc/.config/zsh/linux.zsh	file	100644	705	sha256:7db42864dded04acca801d7477f66b4ada49a2e62e81922b82d0d5de506c2183	zshrc	arch/omarchy	include	approved	reviewed-reference
file	zshrc/.zshrc	file	100644	506	sha256:33f2daca391b437e62105c2081d821de1dcd6ad1efb2baee60f4ba0f3f85b725	zshrc	shared	include	approved	clear
